{
	"format_version": "1.8.0",
	"animations": {
		"animation.generic_dragon.attack": {
			"loop": true,
			"animation_length": 0.5,
			"bones": {
				"neck4": {
					"rotation": [70.24053, -0.81842, -28.74091]
				},
				"head": {
					"rotation": {
						"0.0": [-67.5, 0, 0],
						"0.2083": [-43.96105, 6.61172, -11.4046],
						"0.3333": [-43.96, 6.61, -11.4],
						"0.5": [-67.5, 0, 0]
					}
				},
				"lowerjaw": {
					"rotation": {
						"0.0": [65, 0, 0],
						"0.2083": [-2.5, 0, 0],
						"0.3333": [-2.5, 0, 0],
						"0.5": [65, 0, 0]
					}
				}
			}
		}
	}
}