{
	"format_version": "1.8.0",
	"animations": {
		"animation.nature_dragon.sit": {
			"loop": true,
			"bones": {
				"body": {
					"rotation": [-8.5606, 3.71225, 3.33688]
				},
				"arm": {
					"rotation": [-0.47282, -2.29474, -7.16729]
				},
				"arm3": {
					"rotation": [-3.51519, 4.34522, 8.90316]
				},
				"body2": {
					"rotation": [-59.45746, -1.27651, 3.55515]
				},
				"tail": {
					"rotation": [48.49618, 4.98515, -5.75585]
				},
				"leg": {
					"rotation": [-20.11132, 9.10914, 23.38138]
				},
				"leg5": {
					"rotation": [-21.52672, -4.65063, -11.61546]
				}
			}
		}
	}
}