{
	"format_version": "1.8.0",
	"animations": {
		"animation.nature_dragon.walk": {
			"loop": true,
			"animation_length": 2.08,
			"bones": {
				"all": {
					"position": {
						"0.0": [0, 0, 0],
						"0.36": [0, -1, 0],
						"0.72": [0, 0, 0],
						"1.16": [0, 0, 0],
						"1.52": [0, -1, 0],
						"1.88": [0, 0, 0]
					}
				},
				"body2": {
					"rotation": {
						"0.0": [0, 0, 0],
						"0.52": {
							"post": [0, 5, 0],
							"lerp_mode": "catmullrom"
						},
						"1.56": {
							"post": [0, -5, 0],
							"lerp_mode": "catmullrom"
						},
						"2.08": [0, 0, 0]
					}
				},
				"tail": {
					"rotation": {
						"0.0": {
							"post": [-15.12353, 7.24305, -1.95155],
							"lerp_mode": "catmullrom"
						},
						"1.0": {
							"post": [-15.12353, -7.24305, 1.95155],
							"lerp_mode": "catmullrom"
						},
						"2.08": {
							"post": [-15.12353, 7.24305, -1.95155],
							"lerp_mode": "catmullrom"
						}
					}
				},
				"tail2": {
					"rotation": {
						"0.0": [-7.5, 0, 0],
						"0.6": {
							"post": [-7.56397, 7.43547, -0.98448],
							"lerp_mode": "catmullrom"
						},
						"1.44": {
							"post": [-7.56397, -7.43547, 0.98448],
							"lerp_mode": "catmullrom"
						},
						"2.08": [-7.5, 0, 0]
					}
				},
				"tail3": {
					"rotation": {
						"0.0": {
							"post": [-10.03742, 4.92385, -0.87038],
							"lerp_mode": "catmullrom"
						},
						"1.0": {
							"post": [-10.03742, -4.92385, 0.87038],
							"lerp_mode": "catmullrom"
						},
						"2.08": {
							"post": [-10.03742, 4.92385, -0.87038],
							"lerp_mode": "catmullrom"
						}
					}
				},
				"tail4": {
					"rotation": {
						"0.0": [15, 0, 0],
						"0.56": {
							"post": [15.12353, 7.24305, 1.95155],
							"lerp_mode": "catmullrom"
						},
						"1.4": {
							"post": [15.12353, -7.24305, -1.95155],
							"lerp_mode": "catmullrom"
						},
						"2.08": [15, 0, 0]
					}
				},
				"tail5": {
					"rotation": {
						"0.0": [12.5, 0, 0],
						"0.56": {
							"post": [12.68664, 9.76061, 2.18558],
							"lerp_mode": "catmullrom"
						},
						"1.4": {
							"post": [12.68664, -9.76061, -2.18558],
							"lerp_mode": "catmullrom"
						},
						"2.08": [12.5, 0, 0]
					}
				},
				"leg": {
					"rotation": {
						"0.0": [0, 0, 0],
						"2.08": [0, 0, 0]
					},
					"position": {
						"0.0": [0, 0, 0],
						"0.52": [0, 0, 9],
						"1.24": [0, 7, -1],
						"2.08": [0, 0, 0]
					}
				},
				"leg2": {
					"rotation": {
						"0.0": [0, 0, 0],
						"0.52": [0, 0, 0],
						"1.24": [-12.5, 0, 0],
						"2.08": [0, 0, 0]
					}
				},
				"leg3": {
					"rotation": {
						"0.0": [0, 0, 0],
						"0.52": [0, 0, 0],
						"1.24": [10, 0, 0],
						"2.08": [0, 0, 0]
					}
				},
				"leg4": {
					"rotation": {
						"0.0": [0, 0, 0],
						"0.68": [0, 0, 0],
						"1.2": [-22.5, 0, 0],
						"1.56": [0, 0, 0]
					},
					"position": {
						"0.0": [0, 0, 0],
						"0.32": [0, 1.57, 0],
						"0.52": [0, 0.6, 0]
					}
				},
				"leg5": {
					"rotation": {
						"0.0": [0, 0, 0],
						"0.28": [0, 0, 0],
						"2.08": [0, 0, 0]
					},
					"position": {
						"0.0": [0, 3.5, 4],
						"0.28": [0, 7, -1],
						"0.56": [0, 0, -5],
						"0.84": [0, 0, 0],
						"1.44": [0, 0, 9],
						"2.08": [0, 3.5, 4]
					}
				},
				"leg6": {
					"rotation": {
						"0.0": [-12.5, 0, 0],
						"0.28": [-25, 0, 0],
						"0.56": [0, 0, 0],
						"1.44": [0, 0, 0],
						"2.08": [-12.5, 0, 0]
					}
				},
				"leg7": {
					"rotation": {
						"0.0": [5, 0, 0],
						"0.28": [10, 0, 0],
						"0.56": [0, 0, 0],
						"1.44": [0, 0, 0],
						"2.08": [5, 0, 0]
					}
				},
				"leg8": {
					"rotation": {
						"0.0": [2.5, 0, 0],
						"0.28": [-10, 0, 0],
						"0.56": [0, 0, 0],
						"1.44": [0, 0, 0],
						"2.08": [2.5, 0, 0]
					}
				},
				"arm": {
					"rotation": {
						"0.0": [17.5, 0, 0],
						"0.4": [0, 0, 0],
						"2.08": [17.5, 0, 0]
					},
					"position": {
						"0.0": [0, 7, -1],
						"0.4": [0, 0, -5],
						"0.84": [0, 0, 0],
						"1.68": [0, 0, 9],
						"2.08": [0, 7, -1]
					}
				},
				"arm2": {
					"rotation": {
						"0.0": [-22.5, 0, 0],
						"0.4": [0, 0, 0],
						"0.84": [0, 0, 0],
						"1.44": [0, 0, 0],
						"2.08": [-22.5, 0, 0]
					},
					"position": {
						"0.0": [0, 0, 0],
						"2.08": [0, 0, 0]
					}
				},
				"hand": {
					"rotation": {
						"0.0": [-15, 0, 0],
						"0.64": [-2.5, 0, 0],
						"0.84": [-7.5, 0, 0],
						"2.08": [-15, 0, 0]
					},
					"position": {
						"0.0": [0, 0, 0],
						"2.08": [0, 0, 0]
					}
				},
				"arm3": {
					"rotation": {
						"0.0": [0, 0, 0],
						"0.4": [0, 0, 0],
						"1.0": [17.5, 0, 0],
						"1.64": [0, 0, 0]
					},
					"position": {
						"0.0": [0, 0, 0],
						"0.4": [0, 0, 9],
						"1.0": [0, 7, -1],
						"1.64": [0, 0, -5],
						"2.08": [0, 0, 0]
					}
				},
				"arm4": {
					"rotation": {
						"0.0": [0, 0, 0],
						"0.52": [0, 0, 0],
						"1.12": [-22.5, 0, 0],
						"1.72": [0, 0, 0]
					},
					"position": [0, 0, 0]
				},
				"hand2": {
					"rotation": {
						"0.0": [0, 0, 0],
						"0.52": [0, 0, 0],
						"1.12": [-15, 0, 0],
						"1.84": [0, 0, 0]
					},
					"position": [0, 0, 0]
				},
				"wing": {
					"rotation": {
						"0.0": {
							"post": [-11.91581, 1.28567, 52.6268],
							"lerp_mode": "catmullrom"
						},
						"0.52": {
							"post": [-1.89182, 8.81544, 53.51341],
							"lerp_mode": "catmullrom"
						},
						"1.08": {
							"post": [-11.91581, 1.28567, 65.1268],
							"lerp_mode": "catmullrom"
						},
						"1.64": {
							"post": [-21.88064, -6.28311, 53.06328],
							"lerp_mode": "catmullrom"
						},
						"2.08": {
							"post": [-11.91581, 1.28567, 52.6268],
							"lerp_mode": "catmullrom"
						}
					}
				},
				"wing2": {
					"rotation": {
						"0.0": {
							"post": [0, 0, -75],
							"lerp_mode": "catmullrom"
						},
						"0.52": {
							"post": [0, 0, -65],
							"lerp_mode": "catmullrom"
						},
						"1.08": {
							"post": [0, 0, -75],
							"lerp_mode": "catmullrom"
						},
						"1.64": {
							"post": [0, 0, -65],
							"lerp_mode": "catmullrom"
						},
						"2.08": {
							"post": [0, 0, -75],
							"lerp_mode": "catmullrom"
						}
					}
				},
				"wing3": {
					"rotation": {
						"0.0": [0, 0, -27.5],
						"0.68": [0, 0, -37.5],
						"1.32": [0, 0, -27.5]
					}
				},
				"wing4": {
					"rotation": {
						"0.0": {
							"post": [-9.65595, -0.11138, -65.20179],
							"lerp_mode": "catmullrom"
						},
						"0.52": {
							"post": [-19.65505, 7.42662, -53.34268],
							"lerp_mode": "catmullrom"
						},
						"1.08": {
							"post": [-9.65595, -0.11138, -52.70179],
							"lerp_mode": "catmullrom"
						},
						"1.64": {
							"post": [2.38037, -9.13216, -53.67823],
							"lerp_mode": "catmullrom"
						},
						"2.08": {
							"post": [-9.65595, -0.11138, -65.20179],
							"lerp_mode": "catmullrom"
						}
					}
				},
				"wing5": {
					"rotation": {
						"0.0": {
							"post": [0, 0, 75],
							"lerp_mode": "catmullrom"
						},
						"0.52": {
							"post": [0, 0, 65],
							"lerp_mode": "catmullrom"
						},
						"1.08": {
							"post": [0, 0, 75],
							"lerp_mode": "catmullrom"
						},
						"1.64": {
							"post": [0, 0, 65],
							"lerp_mode": "catmullrom"
						},
						"2.08": {
							"post": [0, 0, 75],
							"lerp_mode": "catmullrom"
						}
					}
				},
				"wing6": {
					"rotation": {
						"0.0": [0, 0, 27.5],
						"0.68": [0, 0, 37.5],
						"1.32": [0, 0, 27.5]
					}
				},
				"neck4": {
					"rotation": {
						"0.0": {
							"post": [0, 0, 0],
							"lerp_mode": "catmullrom"
						},
						"0.48": {
							"post": [5, 0, 0],
							"lerp_mode": "catmullrom"
						},
						"1.08": {
							"post": [0, 0, 0],
							"lerp_mode": "catmullrom"
						},
						"1.52": {
							"post": [5, 0, 0],
							"lerp_mode": "catmullrom"
						},